Movie,Rating,Review
The Godfather (1972),5,"This epic crime drama is a cinematic masterpiece, with powerful performances, iconic scenes, and a haunting score. The story of the Corleone family is both captivating and tragic, and the film's themes of power, loyalty, and family continue to resonate today."
The Shawshank Redemption (1994),5,"This classic drama tells the story of two inmates at a maximum-security prison who form a deep friendship over the years. The film is expertly crafted, with strong performances, beautiful cinematography, and a poignant message about hope, redemption, and the power "
The Dark Knight (2008),4,"This superhero film is a dark, intense, and thrilling ride, with exceptional performances by Christian Bale as Batman and the late Heath Ledger as the Joker. The action sequences are stunning, and the film's exploration of themes like morality, justice, and chaos makes it more than just a typical comic book movie."
Forrest Gump (1994),4,"This heartwarming drama tells the story of a simple-minded man who unwittingly becomes a part of some of the most significant moments in American history. The film's charm and humor are balanced by its emotional depth, and Tom Hanks' performance as Forrest is a tour de force."
Inception (2010),4,"This mind-bending thriller explores the nature of reality and the power of the human mind. The film's visual effects and action sequences are top-notch, and the ensemble cast is excellent. The plot can be a bit convoluted at times, but the film's ambition and creativity more than make up for it."
The Matrix (1999),4,"This mind-bending thriller explores the nature of reality and the power of the human mind. The film's visual effects and action sequences are top-notch, and the ensemble cast is excellent. The plot can be a bit convoluted at times, but the film's ambition and creativity more than make up for it."
The Silence of the Lambs,5,"This psychological thriller is a masterclass in suspense and tension, with unforgettable performances by Jodie Foster and Anthony Hopkins. The film's exploration of the twisted mind of a serial killer is both chilling and compelling, and the movie's influence on the genre is undeniable."
Pulp Fiction (1994),4,"This genre-defying crime film is a tour de force of style, wit, and violence. The film's non-linear structure keeps the audience on their toes, and the ensemble cast is excellent. The film's themes of morality, redemption, and violence make for a thought-provoking experience."
The Lion King (1994),4,"This animated classic is a timeless tale of family, loyalty, and destiny. The film's stunning animation, memorable music, and strong voice cast make it a must-see for all ages. The film's themes of loss and redemption are also surprisingly mature for a family film."
Titanic (1997),3,"This epic romance disaster film tells the story of two star-crossed lovers on board the ill-fated Titanic. The film's visual effects and attention to historical detail are impressive, and the central love story is compelling. However, the film's length and occasionally clunky dialogue can make it a bit of a slog at times."
